<?xml version="1.0" ?>
<history>
<sql date="1618913427813" url="jdbc:derby://localhost:1527/isduser">CREATE TABLE "USER" (
ID INTEGER NOT NULL GENERATED ALWAYS AS IDENTITY(Start with 100000, Increment by 999999), 
"NAME" VARCHAR(255) NOT NULL, 
EMAIL VARCHAR(255) NOT NULL, 
PASSWORD VARCHAR(255) NOT NULL, 
PHONE VARCHAR(255) NOT NULL, 
GENDER VARCHAR(255) NOT NULL, 
DOB VARCHAR(255) NOT NULL, 
PRIMARY KEY (ID))</sql>
<sql date="1618911032328" url="jdbc:derby://localhost:1527/isduser">SELECT * FROM SUPERUSER.PRODUCT FETCH FIRST 100 ROWS ONLY</sql>
<sql date="1619743023022" url="jdbc:derby://localhost:1527/demodb">CREATE TABLE "USER"(
    ID INTEGER NOT NULL GENERATED ALWAYS AS IDENTITY(START WITH 100000, INCREMENT BY 1),
    EMAIL VARCHAR(255) NOT NULL,
    "NAME" VARCHAR(255) NOT NULL,
    PASSWORD VARCHAR(255) NOT NULL,
    PHONE VARCHAR(255) NOT NULL,
    GENDER VARCHAR(255) NOT NULL,
    DOB VARCHAR(255) NOT NULL,
    PRIMARY KEY(ID)
)</sql>
<sql date="1618909392017" url="jdbc:derby://localhost:1527/isduser">INSERT INTO PRODUCT ("Name", Price)
VALUES ("Motion Sensor",'10')</sql>
<sql date="1618910227306" url="jdbc:derby://localhost:1527/isduser">CREATE TABLE PRODUCT (
    ID INTEGER NOT NULL GENERATED ALWAYS AS IDENTITY (START WITH 1, INCREMENT BY 1), 
    "Name" VARCHAR(255) NOT NULL, 
    PRICE DECIMAL(5) NOT NULL, 
    CHECK(PRICE &gt;= 1),
    PRIMARY KEY (ID)
)</sql>
<sql date="1618909297232" url="jdbc:derby://localhost:1527/isduser">INSERT INTO PRODUCT ("Name", Price)
VALUES ("Motion Sensor",10)</sql>
<sql date="1618909444353" url="jdbc:derby://localhost:1527/isduser">INSERT INTO SUPERUSER.PRODUCT ("Name", Price)
VALUES ("Motion Sensor",'10')</sql>
<sql date="1618910892672" url="jdbc:derby://localhost:1527/isduser">INSERT INTO SUPERUSER.PRODUCT ("Name", PRICE) 
	VALUES ('SENSOR', 2)</sql>
<sql date="1622620124044" url="jdbc:derby://localhost:1527/demodb">CREATE TABLE MOVIE(
    ID INTEGER NOT NULL GENERATED ALWAYS AS IDENTITY(START WITH 100000, INCREMENT BY 1),
    EMAIL VARCHAR(255) NOT NULL,
    "NAME" VARCHAR(255) NOT NULL,
    RATING INTEGER NOT NULL,
    "YEAR" INTEGER NOT NULL,
    PRICE DOUBLE NOT NULL,
    URL VARCHAR(255) NOT NULL,
    PRIMARY KEY(ID)
)</sql>
<sql date="1618912059210" url="jdbc:derby://localhost:1527/isduser">CREATE TABLE "USER"
(ID INTEGER NOT NULL GENERATED ALWAYS AS IDENTITY(Start with 1, Increment by 1), 
"NAME" varchar(255) NOT NULL,
EMAIL varchar(255) NOT NULL CHECK(LIKE ('^[A-Za-z]+[A-Za-z0-9.]+@[A-Za-z0-9.-]+\.[A-Za-z]{2,4}$')),
PASSWORD varchar(255) NOT NULL,
PHONE varchar(255) NOT NULL,
GENDER varchar(255) NOT NULL,
DOB varchar(255) NOT NULL,
PRIMARY KEY (ID))</sql>
<sql date="1618912130050" url="jdbc:derby://localhost:1527/isduser">CREATE TABLE "USER"
(ID INTEGER NOT NULL GENERATED ALWAYS AS IDENTITY(Start with 1, Increment by 1), 
"NAME" varchar(255) NOT NULL,
EMAIL varchar(255) NOT NULL CHECK(EMAIL LIKE ('^[A-Za-z]+[A-Za-z0-9.]+@[A-Za-z0-9.-]+\.[A-Za-z]{2,4}$')),
PASSWORD varchar(255) NOT NULL,
PHONE varchar(255) NOT NULL,
GENDER varchar(255) NOT NULL,
DOB varchar(255) NOT NULL,
PRIMARY KEY (ID))</sql>
<sql date="1622620168772" url="jdbc:derby://localhost:1527/demodb">CREATE TABLE MOVIE(
    ID INTEGER NOT NULL GENERATED ALWAYS AS IDENTITY(START WITH 100000, INCREMENT BY 1),
    "NAME" VARCHAR(255) NOT NULL,
    GENRE VARCHAR(255) NOT NULL,
    RATING INTEGER NOT NULL,
    "YEAR" INTEGER NOT NULL,
    PRICE DOUBLE NOT NULL,
    URL VARCHAR(255) NOT NULL,
    PRIMARY KEY(ID)
)</sql>
<sql date="1618909160751" url="jdbc:derby://localhost:1527/isduser">CREATE TABLE Product (
    ID int NOT NULL GENERATED ALWAYS AS IDENTITY,
    "Name" varchar(255) NOT NULL,    
    Price Decimal Not NULL,
    CHECK (Price&gt;=1),
    PRIMARY KEY (ID)
)</sql>
<sql date="1619137172729" url="jdbc:derby://localhost:1527/ISDDEMO">INSERT INTO ISDUSER.PRODUCT (ID, "NAME", PRICE) 
	VALUES (2, 'Heat Sensor', 159)</sql>
<sql date="1618911179425" url="jdbc:derby://localhost:1527/isduser">CREATE TABLE "USER"
(ID INTEGER DEFAULT AUTOINCREMENT: start 1 increment 1  NOT NULL GENERATED ALWAYS AS IDENTITY, 
"NAME" varchar(255) NOT NULL,
PASSWORD varchar(255) NOT NULL,
PHONE varchar(255) NOT NULL,
GENDER varchar(255) NOT NULL,
DOB varchar(255) NOT NULL,
PRIMARY KEY (ID))</sql>
<sql date="1362202734799" url="jdbc:mysql://localhost:3306/mysql">USE `db_test`</sql>
<sql date="1618912912595" url="jdbc:derby://localhost:1527/isduser">CREATE TABLE "USER" (
ID INTEGER NOT NULL GENERATED ALWAYS AS IDENTITY(Start with 1, Increment by 1), 
"NAME" VARCHAR(255) NOT NULL, 
EMAIL VARCHAR(255) NOT NULL CHECK(EMAIL LIKE('^[a-zA-Z0-9][a-zA-Z0-9._-]*[a-zA-Z0-9_\-]@[a-zA-Z0-9][a-zA-Z0-9._-]*[a-zA-Z0-9]\.[a-zA-Z]+$')), 
PASSWORD VARCHAR(255) NOT NULL, 
PHONE VARCHAR(255) NOT NULL, 
GENDER VARCHAR(255) NOT NULL, 
DOB VARCHAR(255) NOT NULL, 
PRIMARY KEY (ID))</sql>
<sql date="1618909527183" url="jdbc:derby://localhost:1527/isduser">INSERT INTO SUPERUSER.PRODUCT (ID,"Name", Price)
VALUES ( DEFAULT,"Motion Sensor",10)</sql>
<sql date="1622620604480" url="jdbc:derby://localhost:1527/demodb">INSERT INTO ISDUSER.MOVIE("NAME",GENRE,RATING,"YEAR",PRICE,URL)
VALUES
('The Dark Knight','Action, Crime, Drama',9,2008,12.8,'https://www.imdb.com/title/tt0468569/?ref_=ext_shr_lnk'),
('Django Unchained','Drama, Western',8.4,2013,10.5,'https://www.imdb.com/title/tt1853728/?ref_=ext_shr_lnk'),
('Interstellar','Adventure, Drama, Sci-Fi',8.6,2014,15.5,'https://www.imdb.com/title/tt0816692/?ref_=ext_shr_lnk'),
('Red Dragon','Crime, Thrille',7.2,2002,9.50,'https://www.imdb.com/title/tt0289765/?ref_=ext_shr_lnk'),
('Gran Torino','Drama',8.1,2008,12.5,'https://www.imdb.com/title/tt1205489/?ref_=ext_shr_lnk')</sql>
<sql date="1618912808876" url="jdbc:derby://localhost:1527/isduser">CREATE TABLE "USER" (
ID INTEGER AUTOINCREMENT: start 1 increment 1  NOT NULL GENERATED ALWAYS AS IDENTITY, 
"NAME" VARCHAR(255) NOT NULL, 
EMAIL VARCHAR(255) NOT NULL, 
PASSWORD VARCHAR(255) NOT NULL, 
PHONE VARCHAR(255) NOT NULL, 
GENDER VARCHAR(255) NOT NULL, 
DOB VARCHAR(255) NOT NULL, 
PRIMARY KEY (ID))</sql>
<sql date="1618913528840" url="jdbc:derby://localhost:1527/isduser">CREATE TABLE "USER" (
ID INTEGER NOT NULL GENERATED ALWAYS AS IDENTITY(Start with 001, Increment by 999), 
"NAME" VARCHAR(255) NOT NULL, 
EMAIL VARCHAR(255) NOT NULL, 
PASSWORD VARCHAR(255) NOT NULL, 
PHONE VARCHAR(255) NOT NULL, 
GENDER VARCHAR(255) NOT NULL, 
DOB VARCHAR(255) NOT NULL, 
PRIMARY KEY (ID))</sql>
<sql date="1618910801490" url="jdbc:derby://localhost:1527/isduser">UPDATE PRODUCT ("Name",PRICE)
    VALUES
    ('LED', 25),
    ( 'MOTION SENSOR', 102),
    ('BREAD BOARD', 65),
    ('POSITION SENSOR', 122), 
    ('TAG SENSOR', 95),
    ('PEN', 0)</sql>
<sql date="1618909934242" url="jdbc:derby://localhost:1527/isduser">CREATE TABLE PRODUCT (
    ID INTEGER DEFAULT GENERATED ALWAYS AS IDENTITY(Start with 1, Increment by 1), 
    "Name" VARCHAR(255) NOT NULL, 
    PRICE DECIMAL(5) NOT NULL, 
    CHECK(PRICE &gt;= 1),
    PRIMARY KEY (ID)
)</sql>
<sql date="1618910690753" url="jdbc:derby://localhost:1527/isduser">INSERT INTO PRODUCT (Name,PRICE)
    VALUES
    ('LED', 25),
    ( 'MOTION SENSOR', 102),
    ('BREAD BOARD', 65),
    ('POSITION SENSOR', 122), 
    ('TAG SENSOR', 95)</sql>
<sql date="1618909114309" url="jdbc:derby://localhost:1527/isduser">CREATE TABLE Product (
    ID int NOT NULL AUTO_INCREMENT,
    "Name" varchar(255) NOT NULL,    
    Price Decimal Not NULL,
    CHECK (Price&gt;=1),
    PRIMARY KEY (ID)
)</sql>
<sql date="1618910775332" url="jdbc:derby://localhost:1527/isduser">INSERT INTO PRODUCT ("Name",PRICE)
    VALUES
    ('LED', 25),
    ( 'MOTION SENSOR', 102),
    ('BREAD BOARD', 65),
    ('POSITION SENSOR', 122), 
    ('TAG SENSOR', 95),
    ('PEN', 0)</sql>
<sql date="1618912801350" url="jdbc:derby://localhost:1527/isduser">CREATE TABLE "USER" (
ID INTEGER DEFAULT AUTOINCREMENT: start 1 increment 1  NOT NULL GENERATED ALWAYS AS IDENTITY, 
"NAME" VARCHAR(255) NOT NULL, 
EMAIL VARCHAR(255) NOT NULL, 
PASSWORD VARCHAR(255) NOT NULL, 
PHONE VARCHAR(255) NOT NULL, 
GENDER VARCHAR(255) NOT NULL, 
DOB VARCHAR(255) NOT NULL, 
PRIMARY KEY (ID))</sql>
<sql date="1618913538567" url="jdbc:derby://localhost:1527/isduser">INSERT INTO SUPERUSER."USER" ("NAME",EMAIL, PASSWORD, PHONE, GENDER, DOB) 
	VALUES 
  	('Jane S. Doe','jane.doe@uts.edu.au',  '12345', '99990000', 'F', '05/05/1995'),
	('John Smith','john.smith@uts.edu.au',  '111111', '99991111', 'M', '05/06/1990'),
	('Jim Carry','jim.carry@uts.edu.au',  '12333', '99912000', 'M', '06/05/1999'),
	('Julie Laveaux','julie.l@uts.edu.au',  '12222', '99991100', 'F', '05/11/2000'), 
	('Lucy Lu','lucy.lu@uts.edu.au',  '66600', '99990011', 'F', '02/01/1991')</sql>
<sql date="1618909549016" url="jdbc:derby://localhost:1527/isduser">INSERT INTO SUPERUSER.PRODUCT (ID,"Name", Price)
VALUES ( DEFAULT,"Motion Sensor",10.0)</sql>
<sql date="1618909994364" url="jdbc:derby://localhost:1527/isduser">CREATE TABLE PRODUCT (
    ID INTEGER DEFAULT GENERATED ALWAYS AS IDENTITY (START WITH 1, INCREMENT BY 1), 
    "Name" VARCHAR(255) NOT NULL, 
    PRICE DECIMAL(5) NOT NULL, 
    CHECK(PRICE &gt;= 1),
    PRIMARY KEY (ID)
)</sql>
<sql date="1618911204516" url="jdbc:derby://localhost:1527/isduser">CREATE TABLE "USER"
(ID INTEGER AUTOINCREMENT: start 1 increment 1  NOT NULL GENERATED ALWAYS AS IDENTITY, 
"NAME" varchar(255) NOT NULL,
PASSWORD varchar(255) NOT NULL,
PHONE varchar(255) NOT NULL,
GENDER varchar(255) NOT NULL,
DOB varchar(255) NOT NULL,
PRIMARY KEY (ID))</sql>
<sql date="1622620609325" url="jdbc:derby://localhost:1527/demodb">SELECT * FROM ISDUSER.MOVIE FETCH FIRST 100 ROWS ONLY</sql>
<sql date="1618909821766" url="jdbc:derby://localhost:1527/isduser">CREATE TABLE PRODUCT (
    ID INTEGER DEFAULT AUTOINCREMENT: start 1 increment 1  NOT NULL GENERATED ALWAYS AS IDENTITY, 
    "Name" VARCHAR(255) NOT NULL, 
    PRICE DECIMAL(5) NOT NULL, 
    CHECK(PRICE &gt;= 1),
    PRIMARY KEY (ID)
)</sql>
<sql date="1618910705945" url="jdbc:derby://localhost:1527/isduser">INSERT INTO PRODUCT ("Name",PRICE)
    VALUES
    ('LED', 25),
    ( 'MOTION SENSOR', 102),
    ('BREAD BOARD', 65),
    ('POSITION SENSOR', 122), 
    ('TAG SENSOR', 95)</sql>
<sql date="1362202735517" url="jdbc:mysql://localhost:3306/mysql">DROP TABLE IF EXISTS `karyawan_hobby`</sql>
<sql date="1618910161327" url="jdbc:derby://localhost:1527/isduser">CREATE TABLE PRODUCT (
    ID INTEGER NOT NULL DEFAULT GENERATED ALWAYS AS IDENTITY (START WITH 1, INCREMENT BY 1), 
    "Name" VARCHAR(255) NOT NULL, 
    PRICE DECIMAL(5) NOT NULL, 
    CHECK(PRICE &gt;= 1),
    PRIMARY KEY (ID)
)</sql>
<sql date="1362208648095" url="jdbc:mysql://localhost:3306/mysql">select * from db_fahmi.file_reject</sql>
<sql date="1362208659442" url="jdbc:mysql://localhost:3306/mysql">select * from db_fahmi.data_file</sql>
<sql date="1618912050743" url="jdbc:derby://localhost:1527/isduser">CREATE TABLE "USER"
(ID INTEGER NOT NULL GENERATED ALWAYS AS IDENTITY(Start with 1, Increment by 1), 
"NAME" varchar(255) NOT NULL,
EMAIL varchar(255) NOT NULL CHECK(REGEXP_LIKE ('^[A-Za-z]+[A-Za-z0-9.]+@[A-Za-z0-9.-]+\.[A-Za-z]{2,4}$')),
PASSWORD varchar(255) NOT NULL,
PHONE varchar(255) NOT NULL,
GENDER varchar(255) NOT NULL,
DOB varchar(255) NOT NULL,
PRIMARY KEY (ID))</sql>
<sql date="1362202735482" url="jdbc:mysql://localhost:3306/mysql">insert  into `karyawan`(`id`,`nip`,`nama`,`jenkel`,`alamat`,`no_telp`,`email`) values (10,'001-P','oqi','p','sulaiman','100202','oqi666@ymail.com'),(11,'002-W','nao','w','pondok maharta','087766','nao.yellow@yahoo.com'),(12,'003-P','kar 1','p','s','23232','oqifaruoqi@gmail.com'),(13,'004-W','kalss 2','w','b','100202','nao.yellow@yahoo.com'),(14,'005-P','kar 2','p','sds','100202','nao.yellow@yahoo.com')</sql>
<sql date="1362202735172" url="jdbc:mysql://localhost:3306/mysql">CREATE TABLE `hobby` (
  `id` int(11) NOT NULL AUTO_INCREMENT,
  `nama_hobby` varchar(50) DEFAULT NULL,
  PRIMARY KEY (`id`)
) ENGINE=InnoDB AUTO_INCREMENT=5 DEFAULT CHARSET=utf8</sql>
<sql date="1618910793903" url="jdbc:derby://localhost:1527/isduser">UPDATE INTO PRODUCT ("Name",PRICE)
    VALUES
    ('LED', 25),
    ( 'MOTION SENSOR', 102),
    ('BREAD BOARD', 65),
    ('POSITION SENSOR', 122), 
    ('TAG SENSOR', 95),
    ('PEN', 0)</sql>
<sql date="1362202735306" url="jdbc:mysql://localhost:3306/mysql">DROP TABLE IF EXISTS `karyawan`</sql>
<sql date="1619138098050" url="jdbc:derby://localhost:1527/ISDDEMO">INSERT INTO ISDUSER."USER"("NAME",EMAIL,PASSWORD,PHONE,GENDER,DOB)
VALUES
    ('John Smith','john.smith@uts.com','1234','99889989','M','28/05/1999'),
    ('Marco Reus','marco.reus@uts.com','5555','12149989','M','16/08/1998'),
    ('Lucy Lu','lucy.lu@uts.com','$e12','98710000','F','01/05/1989'),
    ('Karla Davis','Karla.D@uts.com','0101','99880000','F','20/11/2005')</sql>
<sql date="1619743052941" url="jdbc:derby://localhost:1527/demodb">INSERT INTO ISDUSER."USER"("NAME",EMAIL,PASSWORD,PHONE,GENDER,DOB)
VALUES
    ('John Smith','john.smith@uts.com','1234','99889989','M','28/05/1999'),
    ('Marco Reus','marco.reus@uts.com','5555','12149989','M','16/08/1998'),
    ('Lucy Lu','lucy.lu@uts.com','$e12','98710000','F','01/05/1989'),
    ('Karla Davis','Karla.D@uts.com','0101','99880000','F','20/11/2005')</sql>
<sql date="1362202735440" url="jdbc:mysql://localhost:3306/mysql">CREATE TABLE `karyawan` (
  `id` int(11) NOT NULL AUTO_INCREMENT,
  `nip` varchar(5) DEFAULT NULL,
  `nama` varchar(100) DEFAULT NULL,
  `jenkel` varchar(2) DEFAULT NULL,
  `alamat` text,
  `no_telp` varchar(50) DEFAULT NULL,
  `email` varchar(100) DEFAULT NULL,
  PRIMARY KEY (`id`)
) ENGINE=InnoDB AUTO_INCREMENT=15 DEFAULT CHARSET=utf8</sql>
<sql date="1619137700519" url="jdbc:derby://localhost:1527/ISDDEMO">CREATE TABLE "USER"(
    ID INTEGER NOT NULL GENERATED ALWAYS AS IDENTITY(START WITH 100000, INCREMENT BY 1),
    "NAME" VARCHAR(255), 
    EMAIL VARCHAR(255),
    PASSWORD VARCHAR(255),
    PHONE VARCHAR(255),
    GENDER VARCHAR(255),
    DOB VARCHAR(255),
    PRIMARY KEY(ID))</sql>
<sql date="1362202735673" url="jdbc:mysql://localhost:3306/mysql">insert  into `karyawan_hobby`(`id`,`karyawan_id`,`hobby_id`) values (5,10,1),(6,10,3),(12,11,1),(13,11,3),(14,11,4),(15,12,1),(16,13,1),(17,13,3),(18,14,2),(19,14,3)</sql>
<sql date="1619741701409" url="jdbc:derby://localhost:1527/ISDDEMO">SELECT * FROM ISDUSER."USER" FETCH FIRST 100 ROWS ONLY</sql>
<sql date="1622707696196" url="jdbc:derby://localhost:1527/demodb">SELECT * FROM ISDUSER."USER" FETCH FIRST 100 ROWS ONLY</sql>
<sql date="1362202735238" url="jdbc:mysql://localhost:3306/mysql">insert  into `hobby`(`id`,`nama_hobby`) values (1,'membaca'),(2,'olahraga'),(3,'menulis'),(4,'travelling')</sql>
<sql date="1618913540850" url="jdbc:derby://localhost:1527/isduser">SELECT * FROM SUPERUSER."USER" FETCH FIRST 100 ROWS ONLY</sql>
<sql date="1618910873183" url="jdbc:derby://localhost:1527/isduser">INSERT INTO SUPERUSER.PRODUCT ("Name", PRICE) 
	VALUES ('SENSOR', 0)</sql>
<sql date="1362202734987" url="jdbc:mysql://localhost:3306/mysql">DROP TABLE IF EXISTS `hobby`</sql>
<sql date="1618912570116" url="jdbc:derby://localhost:1527/isduser">CREATE TABLE "USER"
(ID INTEGER NOT NULL GENERATED ALWAYS AS IDENTITY(Start with 1, Increment by 1), 
"NAME" varchar(255) NOT NULL,
EMAIL varchar(255) NOT NULL CHECK(EMAIL LIKE ( '^[a-zA-Z0-9][a-zA-Z0-9._-]*[a-zA-Z0-9_\-]@[a-zA-Z0-9][a-zA-Z0-9._-]*[a-zA-Z0-9]\.[a-zA-Z]+$')),
PASSWORD varchar(255) NOT NULL,
PHONE varchar(255) NOT NULL,
GENDER varchar(255) NOT NULL,
DOB varchar(255) NOT NULL,
PRIMARY KEY (ID))</sql>
<sql date="1618909496957" url="jdbc:derby://localhost:1527/isduser">INSERT INTO SUPERUSER.PRODUCT (ID,"Name", Price)
VALUES ( DEFAULT,"Motion Sensor",'10')</sql>
<sql date="1362202734752" url="jdbc:mysql://localhost:3306/mysql">CREATE DATABASE `db_test`</sql>
<sql date="1362202735627" url="jdbc:mysql://localhost:3306/mysql">CREATE TABLE `karyawan_hobby` (
  `id` int(11) NOT NULL AUTO_INCREMENT,
  `karyawan_id` int(11) DEFAULT NULL,
  `hobby_id` int(11) DEFAULT NULL,
  PRIMARY KEY (`id`)
) ENGINE=InnoDB AUTO_INCREMENT=20 DEFAULT CHARSET=utf8</sql>
<sql date="1618913238229" url="jdbc:derby://localhost:1527/isduser">CREATE TABLE "USER" (
ID INTEGER NOT NULL GENERATED ALWAYS AS IDENTITY(Start with 1, Increment by 1), 
"NAME" VARCHAR(255) NOT NULL, 
EMAIL VARCHAR(255) NOT NULL, 
PASSWORD VARCHAR(255) NOT NULL, 
PHONE VARCHAR(255) NOT NULL, 
GENDER VARCHAR(255) NOT NULL, 
DOB VARCHAR(255) NOT NULL, 
PRIMARY KEY (ID))</sql>
<sql date="1618910628764" url="jdbc:derby://localhost:1527/isduser">INSERT INTO PRODUCT ('NAME',PRICE)
    VALUES
    ('LED', 25),
    ( 'MOTION SENSOR', 102),
    ('BREAD BOARD', 65),
    ('POSITION SENSOR', 122), 
    ('TAG SENSOR', 95)</sql>
<sql date="1619137266309" url="jdbc:derby://localhost:1527/ISDDEMO">SELECT * FROM ISDUSER.PRODUCT FETCH FIRST 100 ROWS ONLY</sql>
<sql date="1618911241149" url="jdbc:derby://localhost:1527/isduser">CREATE TABLE "USER"
(ID INTEGER NOT NULL GENERATED ALWAYS AS IDENTITY(Start with 1, Increment by 1), 
"NAME" varchar(255) NOT NULL,
PASSWORD varchar(255) NOT NULL,
PHONE varchar(255) NOT NULL,
GENDER varchar(255) NOT NULL,
DOB varchar(255) NOT NULL,
PRIMARY KEY (ID))</sql>
</history>