<?xml version="1.0" encoding="UTF-8"?>
<library xmlns="http://www.netbeans.org/ns/library-declaration/3" version="3.0">
    <name>javaee-endorsed-api-7.0</name>
    <type>j2se</type>
    <localizing-bundle>org/netbeans/modules/javaee7/api/Bundle</localizing-bundle>
    <volume>
        <type>classpath</type>
    </volume>
    <volume>
        <type>src</type>
    </volume>
    <volume>
        <type>javadoc</type>
        <resource>jar:nbinst://org.netbeans.modules.j2ee.platform/docs/javaee-doc-api.jar!/</resource>
    </volume>
    <volume>
        <type>maven-pom</type>
    </volume>
    <properties>
        <property>
            <name>maven-dependencies</name>
            <value>
                javax.annotation:javax.annotation-api:1.2
                javax.xml.bind:jaxb-api-osgi:2.2.7
                javax.xml.soap:javax.xml.soap-api:1.3.5
                javax.xml.ws:jaxws-api:2.2.8
                javax.jws:jsr181-api:1.0-MR1
            </value>
        </property>
    </properties>
</library>
