<?xml version="1.0" encoding="UTF-8"?>
<library xmlns="http://www.netbeans.org/ns/library-declaration/3" version="3.0">
    <name>Java-EE-Payara-v5</name>
    <type>j2se</type>
    <description>Java EE jars that are bundled with the most recently registered Payara installation</description>
    <display-name>Java EE from Payara 5</display-name>
    <volume>
        <type>classpath</type>
        <resource>jar:file:/D:/NetBeans/Paraya%205/glassfish/modules/hibernate-validator.jar!/</resource>
        <resource>jar:file:/D:/NetBeans/Paraya%205/glassfish/modules/jakarta.activation-api.jar!/</resource>
        <resource>jar:file:/D:/NetBeans/Paraya%205/glassfish/modules/jakarta.activation.jar!/</resource>
        <resource>jar:file:/D:/NetBeans/Paraya%205/glassfish/modules/jakarta.annotation-api.jar!/</resource>
        <resource>jar:file:/D:/NetBeans/Paraya%205/glassfish/modules/jakarta.batch-api.jar!/</resource>
        <resource>jar:file:/D:/NetBeans/Paraya%205/glassfish/modules/jakarta.ejb-api.jar!/</resource>
        <resource>jar:file:/D:/NetBeans/Paraya%205/glassfish/modules/jakarta.el.jar!/</resource>
        <resource>jar:file:/D:/NetBeans/Paraya%205/glassfish/modules/jakarta.enterprise.cdi-api.jar!/</resource>
        <resource>jar:file:/D:/NetBeans/Paraya%205/glassfish/modules/jakarta.enterprise.concurrent-api.jar!/</resource>
        <resource>jar:file:/D:/NetBeans/Paraya%205/glassfish/modules/jakarta.enterprise.deploy-api.jar!/</resource>
        <resource>jar:file:/D:/NetBeans/Paraya%205/glassfish/modules/jakarta.faces.jar!/</resource>
        <resource>jar:file:/D:/NetBeans/Paraya%205/glassfish/modules/jakarta.inject.jar!/</resource>
        <resource>jar:file:/D:/NetBeans/Paraya%205/glassfish/modules/jakarta.interceptor-api.jar!/</resource>
        <resource>jar:file:/D:/NetBeans/Paraya%205/glassfish/modules/jakarta.jms-api.jar!/</resource>
        <resource>jar:file:/D:/NetBeans/Paraya%205/glassfish/modules/jakarta.json.bind-api.jar!/</resource>
        <resource>jar:file:/D:/NetBeans/Paraya%205/glassfish/modules/jakarta.json.jar!/</resource>
        <resource>jar:file:/D:/NetBeans/Paraya%205/glassfish/modules/jakarta.jws-api.jar!/</resource>
        <resource>jar:file:/D:/NetBeans/Paraya%205/glassfish/modules/jakarta.mail.jar!/</resource>
        <resource>jar:file:/D:/NetBeans/Paraya%205/glassfish/modules/jakarta.management.j2ee-api.jar!/</resource>
        <resource>jar:file:/D:/NetBeans/Paraya%205/glassfish/modules/jakarta.persistence.jar!/</resource>
        <resource>jar:file:/D:/NetBeans/Paraya%205/glassfish/modules/jakarta.resource-api.jar!/</resource>
        <resource>jar:file:/D:/NetBeans/Paraya%205/glassfish/modules/jakarta.security.auth.message-api.jar!/</resource>
        <resource>jar:file:/D:/NetBeans/Paraya%205/glassfish/modules/jakarta.security.enterprise-api.jar!/</resource>
        <resource>jar:file:/D:/NetBeans/Paraya%205/glassfish/modules/jakarta.security.jacc-api.jar!/</resource>
        <resource>jar:file:/D:/NetBeans/Paraya%205/glassfish/modules/jakarta.servlet-api.jar!/</resource>
        <resource>jar:file:/D:/NetBeans/Paraya%205/glassfish/modules/jakarta.servlet.jsp-api.jar!/</resource>
        <resource>jar:file:/D:/NetBeans/Paraya%205/glassfish/modules/jakarta.servlet.jsp.jstl-api.jar!/</resource>
        <resource>jar:file:/D:/NetBeans/Paraya%205/glassfish/modules/jakarta.transaction-api.jar!/</resource>
        <resource>jar:file:/D:/NetBeans/Paraya%205/glassfish/modules/jakarta.validation-api.jar!/</resource>
        <resource>jar:file:/D:/NetBeans/Paraya%205/glassfish/modules/jakarta.websocket-api.jar!/</resource>
        <resource>jar:file:/D:/NetBeans/Paraya%205/glassfish/modules/jakarta.ws.rs-api.jar!/</resource>
        <resource>jar:file:/D:/NetBeans/Paraya%205/glassfish/modules/jakarta.xml.bind-api.jar!/</resource>
        <resource>jar:file:/D:/NetBeans/Paraya%205/glassfish/modules/jakarta.xml.registry-api.jar!/</resource>
        <resource>jar:file:/D:/NetBeans/Paraya%205/glassfish/modules/jakarta.xml.rpc-api.jar!/</resource>
        <resource>jar:file:/D:/NetBeans/Paraya%205/glassfish/modules/jakarta.xml.ws-api.jar!/</resource>
        <resource>jar:file:/D:/NetBeans/Paraya%205/glassfish/modules/javax.enterprise.concurrent.jar!/</resource>
        <resource>jar:file:/D:/NetBeans/Paraya%205/glassfish/modules/javax.security.enterprise.jar!/</resource>
        <resource>jar:file:/D:/NetBeans/Paraya%205/glassfish/modules/javax.servlet.jsp.jar!/</resource>
        <resource>jar:file:/D:/NetBeans/Paraya%205/glassfish/modules/javax.servlet.jsp.jstl.jar!/</resource>
        <resource>jar:file:/D:/NetBeans/Paraya%205/glassfish/modules/jaxb-osgi.jar!/</resource>
        <resource>jar:file:/D:/NetBeans/Paraya%205/glassfish/modules/webservices-osgi.jar!/</resource>
        <resource>jar:file:/D:/NetBeans/Paraya%205/glassfish/modules/weld-osgi-bundle.jar!/</resource>
        <resource>jar:file:/D:/NetBeans/Paraya%205/mq/lib/jaxm-api.jar!/</resource>
        <resource>jar:file:/D:/NetBeans/Paraya%205/glassfish/modules/microprofile-config-api.jar!/</resource>
        <resource>jar:file:/D:/NetBeans/Paraya%205/glassfish/modules/microprofile-fault-tolerance-api.jar!/</resource>
        <resource>jar:file:/D:/NetBeans/Paraya%205/glassfish/modules/microprofile-health-api.jar!/</resource>
        <resource>jar:file:/D:/NetBeans/Paraya%205/glassfish/modules/microprofile-jwt-auth-api.jar!/</resource>
        <resource>jar:file:/D:/NetBeans/Paraya%205/glassfish/modules/microprofile-metrics-api.jar!/</resource>
        <resource>jar:file:/D:/NetBeans/Paraya%205/glassfish/modules/microprofile-openapi-api.jar!/</resource>
        <resource>jar:file:/D:/NetBeans/Paraya%205/glassfish/modules/microprofile-opentracing-api.jar!/</resource>
        <resource>jar:file:/D:/NetBeans/Paraya%205/glassfish/modules/microprofile-rest-client-api.jar!/</resource>
        <resource>jar:file:/D:/NetBeans/Paraya%205/glassfish/modules/jackson-annotations.jar!/</resource>
        <resource>jar:file:/D:/NetBeans/Paraya%205/glassfish/modules/jackson-core.jar!/</resource>
        <resource>jar:file:/D:/NetBeans/Paraya%205/glassfish/modules/jackson-databind.jar!/</resource>
        <resource>jar:file:/D:/NetBeans/Paraya%205/glassfish/modules/jackson-dataformat-xml.jar!/</resource>
        <resource>jar:file:/D:/NetBeans/Paraya%205/glassfish/modules/jackson-dataformat-yaml.jar!/</resource>
        <resource>jar:file:/D:/NetBeans/Paraya%205/glassfish/modules/jackson-module-jaxb-annotations.jar!/</resource>
        <resource>jar:file:/D:/NetBeans/Paraya%205/glassfish/modules/jersey-bean-validation.jar!/</resource>
        <resource>jar:file:/D:/NetBeans/Paraya%205/glassfish/modules/jersey-cdi1x-servlet.jar!/</resource>
        <resource>jar:file:/D:/NetBeans/Paraya%205/glassfish/modules/jersey-cdi1x-transaction.jar!/</resource>
        <resource>jar:file:/D:/NetBeans/Paraya%205/glassfish/modules/jersey-cdi1x.jar!/</resource>
        <resource>jar:file:/D:/NetBeans/Paraya%205/glassfish/modules/jersey-client.jar!/</resource>
        <resource>jar:file:/D:/NetBeans/Paraya%205/glassfish/modules/jersey-common.jar!/</resource>
        <resource>jar:file:/D:/NetBeans/Paraya%205/glassfish/modules/jersey-container-grizzly2-http.jar!/</resource>
        <resource>jar:file:/D:/NetBeans/Paraya%205/glassfish/modules/jersey-container-servlet-core.jar!/</resource>
        <resource>jar:file:/D:/NetBeans/Paraya%205/glassfish/modules/jersey-container-servlet.jar!/</resource>
        <resource>jar:file:/D:/NetBeans/Paraya%205/glassfish/modules/jersey-entity-filtering.jar!/</resource>
        <resource>jar:file:/D:/NetBeans/Paraya%205/glassfish/modules/jersey-gf-ejb.jar!/</resource>
        <resource>jar:file:/D:/NetBeans/Paraya%205/glassfish/modules/jersey-hk2.jar!/</resource>
        <resource>jar:file:/D:/NetBeans/Paraya%205/glassfish/modules/jersey-media-jaxb.jar!/</resource>
        <resource>jar:file:/D:/NetBeans/Paraya%205/glassfish/modules/jersey-media-json-binding.jar!/</resource>
        <resource>jar:file:/D:/NetBeans/Paraya%205/glassfish/modules/jersey-media-json-jackson.jar!/</resource>
        <resource>jar:file:/D:/NetBeans/Paraya%205/glassfish/modules/jersey-media-json-processing.jar!/</resource>
        <resource>jar:file:/D:/NetBeans/Paraya%205/glassfish/modules/jersey-media-moxy.jar!/</resource>
        <resource>jar:file:/D:/NetBeans/Paraya%205/glassfish/modules/jersey-media-multipart.jar!/</resource>
        <resource>jar:file:/D:/NetBeans/Paraya%205/glassfish/modules/jersey-media-sse.jar!/</resource>
        <resource>jar:file:/D:/NetBeans/Paraya%205/glassfish/modules/jersey-mp-rest-client.jar!/</resource>
        <resource>jar:file:/D:/NetBeans/Paraya%205/glassfish/modules/jersey-mvc-connector.jar!/</resource>
        <resource>jar:file:/D:/NetBeans/Paraya%205/glassfish/modules/jersey-mvc-jsp.jar!/</resource>
        <resource>jar:file:/D:/NetBeans/Paraya%205/glassfish/modules/jersey-mvc.jar!/</resource>
        <resource>jar:file:/D:/NetBeans/Paraya%205/glassfish/modules/jersey-proxy-client.jar!/</resource>
        <resource>jar:file:/D:/NetBeans/Paraya%205/glassfish/modules/jersey-server.jar!/</resource>
        <resource>jar:file:/D:/NetBeans/Paraya%205/glassfish/modules/web-core.jar!/</resource>
        <resource>jar:file:/D:/NetBeans/Paraya%205/glassfish/modules/payara-api.jar!/</resource>
    </volume>
    <volume>
        <type>src</type>
    </volume>
    <volume>
        <type>javadoc</type>
        <resource>jar:file:/D:/NetBeans/NetBeans-12.0/netbeans/enterprise/docs/javaee-doc-api.jar!/</resource>
    </volume>
    <volume>
        <type>maven-pom</type>
    </volume>
    <properties/>
</library>
