<?xml version="1.0" encoding="UTF-8"?>
<!DOCTYPE fontscolors PUBLIC "-//NetBeans//DTD Editor Fonts and Colors settings 1.2//EN" "http://netbeans.apache.org/dtds/EditorFontsColors-1_2.dtd">
<fontscolors>
    <fontcolor default="whitespace" foreColor="pink" name="xml-ws"/>
    <fontcolor default="operator" name="xml-operator"/>
    <fontcolor default="entity-reference" name="xml-ref"/>
    <fontcolor default="default" foreColor="magenta" name="xml-pi-start">
        <font style="bold"/>
    </fontcolor>
    <fontcolor default="default" foreColor="yellow" name="xml-value"/>
    <fontcolor default="markup-element" foreColor="ffcc6600" name="xml-tag"/>
    <fontcolor default="default" foreColor="pink" name="xml-doctype">
        <font style="bold"/>
    </fontcolor>
    <fontcolor default="default" name="xml-text"/>
    <fontcolor default="default" foreColor="ff9999ff" name="xml-cdata-section"/>
    <fontcolor default="error" foreColor="red" name="xml-error" underline="red"/>
    <fontcolor default="default" foreColor="orange" name="pi-content"/>
    <fontcolor default="default" foreColor="pink" name="xml-pi-target">
        <font style="bold"/>
    </fontcolor>
    <fontcolor default="comment" name="xml-comment"/>
    <fontcolor default="default" foreColor="magenta" name="pi-end">
        <font style="bold"/>
    </fontcolor>
    <fontcolor default="markup-attribute" foreColor="green" name="xml-attribute"/>
    <fontcolor default="whitespace" name="xml-EOL"/>
    <fontcolor default="default" foreColor="ff00007c" name="xml-pi-content"/>
</fontscolors>
